Workbook

Sheet Inputs
A1: Plantilla final de planificación - Coctel (Delibanquetes) — Escenarios A/B/C
A3: Escenario A - Día 1 sin coctel (Invitados) | B3: 0
A4: Escenario B - Día 1 con coctel (Invitados) | B4: 150
A5: Escenario C - Día 2 con coctel (Invitados) | B5: 300
A6: Día 2 - bocas saladas por invitado (6+2 aplica solo aquí) | B6: 6
A7: Día 2 - bocas dulces por invitado | B7: 2
A8: Mínimo por variedad (hard constraint proveedor) | B8: 50
A9: Servicio (% adicional del proveedor) | B9: 0.1
A10: Día 1 - bocas saladas por invitado (si hay coctel) | B10: 8
A11: Día 1 - bocas dulces por invitado (si hay coctel) | B11: 2
A12: Transporte (entrega) — monto fijo por evento con invitados | B12: 80
A13: Notas / reglas del proveedor
A14: - Regla original del proveedor: 10 bocas mínimo por persona; selección mínima de 50 por variedad; máximo 10 variedades. - En este archivo: Día 2 está planteado como 8 bocas pp (6 saladas + 2 dulces) — CONFIRMAR aceptación con Delibanquetes. - Agregar 10% de servicio.
A16: Base del menú final recomendado
A17: - Día 1 (si hay coctel): 8 saladas + 2 dulces (10 bocas pp) - Día 2: 6 saladas + 2 dulces (8 bocas pp) - 0 repeticiones entre días (menús distintos) - Precios base cargados desde el menú PDF compartido de Delibanquetes

Sheet Menu_Setup
A1: Curación de menú y asignación por día
A2: Boca / Variedad | B2: Sabor | C2: Tipo | D2: Precio unitario | E2: Notas | F2: Día 1 - porciones/invitado | G2: Día 2 - porciones/invitado | H2: Chequeo no duplicar
A3: Brocheta caprese con pesto | B3: Salado | C3: I | D3: 1.4 | F3: 1 | G3: 0 | H3: =IF(AND(F3>0,G3>0),"ERROR: en ambos días","")
A4: Bolitas de papa rellena de queso | B4: Salado | C4: I | D4: 1.4 | F4: 1 | G4: 0 | H4: =IF(AND(F4>0,G4>0),"ERROR: en ambos días","")
A5: Hongos al ajillo | B5: Salado | C5: I | D5: 1.4 | F5: 0 | G5: 1 | H5: =IF(AND(F5>0,G5>0),"ERROR: en ambos días","")
A6: Mini quiché de espinaca y queso | B6: Salado | C6: I | D6: 1.4 | F6: 0 | G6: 1 | H6: =IF(AND(F6>0,G6>0),"ERROR: en ambos días","")
A7: Crostini de melocotones asados y queso roquefort | B7: Salado | C7: II | D7: 1.7 | F7: 0 | G7: 1 | H7: =IF(AND(F7>0,G7>0),"ERROR: en ambos días","")
A8: Crostini de cebollas caramelizadas en maple con peras y queso brie | B8: Salado | C8: II | D8: 1.7 | F8: 1 | G8: 0 | H8: =IF(AND(F8>0,G8>0),"ERROR: en ambos días","")
A9: Costilla de cerdo en salsa barbacoa | B9: Salado | C9: II | D9: 1.7 | E9: Confirmar forma de servicio (porción / bocado). | F9: 0 | G9: 1 | H9: =IF(AND(F9>0,G9>0),"ERROR: en ambos días","")
A10: Bagel de salmón | B10: Salado | C10: Gourmet | D10: 2 | F10: 1 | G10: 0 | H10: =IF(AND(F10>0,G10>0),"ERROR: en ambos días","")
A11: Mini ceviche de pescado peruano | B11: Salado | C11: Gourmet | D11: 2 | F11: 1 | G11: 0 | H11: =IF(AND(F11>0,G11>0),"ERROR: en ambos días","")
A12: Mini ceviche de camarón | B12: Salado | C12: Gourmet | D12: 2 | F12: 1 | G12: 0 | H12: =IF(AND(F12>0,G12>0),"ERROR: en ambos días","")
A13: Brocheta de pollo al estilo Thai | B13: Salado | C13: Gourmet | D13: 2 | F13: 1 | G13: 0 | H13: =IF(AND(F13>0,G13>0),"ERROR: en ambos días","")
A14: Camarones empanizados con salsa tártara | B14: Salado | C14: Gourmet | D14: 2 | F14: 0 | G14: 1 | H14: =IF(AND(F14>0,G14>0),"ERROR: en ambos días","")
A15: Mini filet mignon | B15: Salado | C15: Gourmet | D15: 2 | E15: Confirmar cómo se sirve (corte / salsa). | F15: 0 | G15: 1 | H15: =IF(AND(F15>0,G15>0),"ERROR: en ambos días","")
A16: Rollitos de pepino o de berenjenas | B16: Salado | C16: Vegetarianos | D16: 2.25 | F16: 0 | G16: 0 | H16: =IF(AND(F16>0,G16>0),"ERROR: en ambos días","")
A17: Vegetales temporizados o tomates cherry confitados | B17: Salado | C17: Vegetarianos | D17: 2.25 | F17: 0 | G17: 0 | H17: =IF(AND(F17>0,G17>0),"ERROR: en ambos días","")
A18: Humus de colores | B18: Salado | C18: Vegetarianos | D18: 2.25 | F18: 1 | G18: 0 | H18: =IF(AND(F18>0,G18>0),"ERROR: en ambos días","")
A19: Cardenal de fruta roja (preferible fresa) | B19: Dulce | C19: Dulce | D19: 1.4 | F19: 0 | G19: 1 | H19: =IF(AND(F19>0,G19>0),"ERROR: en ambos días","")
A20: Fresas cubiertas con chocolate | B20: Dulce | C20: Dulce | D20: 1.4 | F20: 0 | G20: 1 | H20: =IF(AND(F20>0,G20>0),"ERROR: en ambos días","")
A21: Mini tartas / mini alfajores | B21: Dulce | C21: Dulce | D21: 1.4 | E21: (Reserva / reemplazo opcional). | F21: 0 | G21: 0 | H21: =IF(AND(F21>0,G21>0),"ERROR: en ambos días","")
A22: Cheesecake con salsa de fresa | B22: Dulce | C22: Dulce | D22: 1.4 | F22: 1 | G22: 0 | H22: =IF(AND(F22>0,G22>0),"ERROR: en ambos días","")
A23: Pie de limón | B23: Dulce | C23: Dulce | D23: 1.4 | F23: 1 | G23: 0 | H23: =IF(AND(F23>0,G23>0),"ERROR: en ambos días","")
A25: Checks (menú final)
A26: Día 1 - Saladas (debe = Inputs!B10) | B26: =SUMPRODUCT((B3:B23="Salado")*(F3:F23)) | C26: =IF(ABS(B26-Inputs!$B$10)<0.001,"OK","REVISAR") | E26: Día 2 - Saladas (debe = Inputs!B6) | F26: =SUMPRODUCT((B3:B23="Salado")*(G3:G23)) | G26: =IF(ABS(F26-Inputs!$B$6)<0.001,"OK","REVISAR")
A27: Día 1 - Dulces (debe = Inputs!B11) | B27: =SUMPRODUCT((B3:B23="Dulce")*(F3:F23)) | C27: =IF(ABS(B27-Inputs!$B$11)<0.001,"OK","REVISAR") | E27: Día 2 - Dulces (debe = Inputs!B7) | F27: =SUMPRODUCT((B3:B23="Dulce")*(G3:G23)) | G27: =IF(ABS(F27-Inputs!$B$7)<0.001,"OK","REVISAR")
A28: Día 1 - Variedades (debe <= 10) | B28: =COUNTIF(F3:F23,">0") | C28: =IF(B28<=10,"OK","REVISAR") | E28: Día 2 - Variedades (debe <= 10) | F28: =COUNTIF(G3:G23,">0") | G28: =IF(F28<=10,"OK","REVISAR")
A29: Duplicados entre días (debe = 0) | B29: =COUNTIF(H3:H23,"ERROR*") | C29: =IF(B29=0,"OK","REVISAR") | E29: Observación | F29: Observación | G29: Día 2 está definido por ti (6+2). Día 1 aquí queda como propuesta (8+2) editable. Menús sin repeticiones.

Sheet Orden_y_Costos
A1: Orden de compra y costos - escenarios A/B/C (Día 1 sin/ con coctel + Día 2)
A3: Inputs clave | H3: Checks de consistencia
A4: Invitados Esc. A (Día 1 - sin coctel) | B4: =Inputs!B3 | H4: Día 1 Saladas PPG | I4: =Menu_Setup!B26 | K4: Objetivo | L4: =Inputs!B6 | N4: Estado | O4: =Menu_Setup!C26
A5: Invitados Esc. B (Día 1 - con coctel) | B5: =Inputs!B4 | H5: Día 1 Dulces PPG | I5: =Menu_Setup!B27 | K5: Objetivo | L5: =Inputs!B7 | N5: Estado | O5: =Menu_Setup!C27
A6: Invitados Esc. C (Día 2 - con coctel) | B6: =Inputs!B5 | H6: Día 1 Variedades | I6: =Menu_Setup!B28 | K6: Máx | L6: 10 | N6: Estado | O6: =Menu_Setup!C28
A7: Mín/variedad | B7: =Inputs!B8 | H7: Día 2 Saladas PPG | I7: =Menu_Setup!F26 | K7: Objetivo | L7: =Inputs!B6 | N7: Estado | O7: =Menu_Setup!G26
A8: Servicio | B8: =Inputs!B9 | H8: Día 2 Dulces PPG | I8: =Menu_Setup!F27 | K8: Objetivo | L8: =Inputs!B7 | N8: Estado | O8: =Menu_Setup!G27
H9: Día 2 Variedades | I9: =Menu_Setup!F28 | K9: Máx | L9: 10 | N9: Estado | O9: =Menu_Setup!G28
H10: Duplicados | I10: =Menu_Setup!B29 | K10: Objetivo | L10: 0 | N10: Estado | O10: =Menu_Setup!C29
A12: Boca / Variedad | B12: Sabor | C12: Tipo | D12: Precio unitario | E12: Notas | F12: D1 PPG | G12: D2 PPG | H12: Qty D1 (Esc A) | I12: Qty D1 (Esc B) | J12: Costo D1 (Esc A) | K12: Costo D1 (Esc B) | L12: Qty D2 (Esc C) | M12: Costo D2 (Esc C) | P12: Flag
A13: =Menu_Setup!A3 | B13: =Menu_Setup!B3 | C13: =Menu_Setup!C3 | D13: =Menu_Setup!D3 | E13: =IF(Menu_Setup!E3="","",Menu_Setup!E3) | F13: =Menu_Setup!F3 | G13: =Menu_Setup!G3 | H13: =IF($F13>0,IF(Inputs!$B$3=0,0,MAX(Inputs!$B$8,ROUNDUP(Inputs!$B$3*$F13,0))),0) | I13: =IF($F13>0,IF(Inputs!$B$4=0,0,MAX(Inputs!$B$8,ROUNDUP(Inputs!$B$4*$F13,0))),0) | J13: =$H13*$D13 | K13: =$I13*$D13 | L13: =IF($G13>0,IF(Inputs!$B$5=0,0,MAX(Inputs!$B$8,ROUNDUP(Inputs!$B$5*$G13,0))),0) | M13: =$L13*$D13 | P13: =IF(Menu_Setup!H3="","",Menu_Setup!H3)
A14: =Menu_Setup!A4 | B14: =Menu_Setup!B4 | C14: =Menu_Setup!C4 | D14: =Menu_Setup!D4 | E14: =IF(Menu_Setup!E4="","",Menu_Setup!E4) | F14: =Menu_Setup!F4 | G14: =Menu_Setup!G4 | H14: =IF($F14>0,IF(Inputs!$B$3=0,0,MAX(Inputs!$B$8,ROUNDUP(Inputs!$B$3*$F14,0))),0) | I14: =IF($F14>0,IF(Inputs!$B$4=0,0,MAX(Inputs!$B$8,ROUNDUP(Inputs!$B$4*$F14,0))),0) | J14: =$H14*$D14 | K14: =$I14*$D14 | L14: =IF($G14>0,IF(Inputs!$B$5=0,0,MAX(Inputs!$B$8,ROUNDUP(Inputs!$B$5*$G14,0))),0) | M14: =$L14*$D14 | P14: =IF(Menu_Setup!H4="","",Menu_Setup!H4)
A15: =Menu_Setup!A5 | B15: =Menu_Setup!B5 | C15: =Menu_Setup!C5 | D15: =Menu_Setup!D5 | E15: =IF(Menu_Setup!E5="","",Menu_Setup!E5) | F15: =Menu_Setup!F5 | G15: =Menu_Setup!G5 | H15: =IF($F15>0,IF(Inputs!$B$3=0,0,MAX(Inputs!$B$8,ROUNDUP(Inputs!$B$3*$F15,0))),0) | I15: =IF($F15>0,IF(Inputs!$B$4=0,0,MAX(Inputs!$B$8,ROUNDUP(Inputs!$B$4*$F15,0))),0) | J15: =$H15*$D15 | K15: =$I15*$D15 | L15: =IF($G15>0,IF(Inputs!$B$5=0,0,MAX(Inputs!$B$8,ROUNDUP(Inputs!$B$5*$G15,0))),0) | M15: =$L15*$D15 | P15: =IF(Menu_Setup!H5="","",Menu_Setup!H5)
A16: =Menu_Setup!A6 | B16: =Menu_Setup!B6 | C16: =Menu_Setup!C6 | D16: =Menu_Setup!D6 | E16: =IF(Menu_Setup!E6="","",Menu_Setup!E6) | F16: =Menu_Setup!F6 | G16: =Menu_Setup!G6 | H16: =IF($F16>0,IF(Inputs!$B$3=0,0,MAX(Inputs!$B$8,ROUNDUP(Inputs!$B$3*$F16,0))),0) | I16: =IF($F16>0,IF(Inputs!$B$4=0,0,MAX(Inputs!$B$8,ROUNDUP(Inputs!$B$4*$F16,0))),0) | J16: =$H16*$D16 | K16: =$I16*$D16 | L16: =IF($G16>0,IF(Inputs!$B$5=0,0,MAX(Inputs!$B$8,ROUNDUP(Inputs!$B$5*$G16,0))),0) | M16: =$L16*$D16 | P16: =IF(Menu_Setup!H6="","",Menu_Setup!H6)
A17: =Menu_Setup!A7 | B17: =Menu_Setup!B7 | C17: =Menu_Setup!C7 | D17: =Menu_Setup!D7 | E17: =IF(Menu_Setup!E7="","",Menu_Setup!E7) | F17: =Menu_Setup!F7 | G17: =Menu_Setup!G7 | H17: =IF($F17>0,IF(Inputs!$B$3=0,0,MAX(Inputs!$B$8,ROUNDUP(Inputs!$B$3*$F17,0))),0) | I17: =IF($F17>0,IF(Inputs!$B$4=0,0,MAX(Inputs!$B$8,ROUNDUP(Inputs!$B$4*$F17,0))),0) | J17: =$H17*$D17 | K17: =$I17*$D17 | L17: =IF($G17>0,IF(Inputs!$B$5=0,0,MAX(Inputs!$B$8,ROUNDUP(Inputs!$B$5*$G17,0))),0) | M17: =$L17*$D17 | P17: =IF(Menu_Setup!H7="","",Menu_Setup!H7)
A18: =Menu_Setup!A8 | B18: =Menu_Setup!B8 | C18: =Menu_Setup!C8 | D18: =Menu_Setup!D8 | E18: =IF(Menu_Setup!E8="","",Menu_Setup!E8) | F18: =Menu_Setup!F8 | G18: =Menu_Setup!G8 | H18: =IF($F18>0,IF(Inputs!$B$3=0,0,MAX(Inputs!$B$8,ROUNDUP(Inputs!$B$3*$F18,0))),0) | I18: =IF($F18>0,IF(Inputs!$B$4=0,0,MAX(Inputs!$B$8,ROUNDUP(Inputs!$B$4*$F18,0))),0) | J18: =$H18*$D18 | K18: =$I18*$D18 | L18: =IF($G18>0,IF(Inputs!$B$5=0,0,MAX(Inputs!$B$8,ROUNDUP(Inputs!$B$5*$G18,0))),0) | M18: =$L18*$D18 | P18: =IF(Menu_Setup!H8="","",Menu_Setup!H8)
A19: =Menu_Setup!A9 | B19: =Menu_Setup!B9 | C19: =Menu_Setup!C9 | D19: =Menu_Setup!D9 | E19: =IF(Menu_Setup!E9="","",Menu_Setup!E9) | F19: =Menu_Setup!F9 | G19: =Menu_Setup!G9 | H19: =IF($F19>0,IF(Inputs!$B$3=0,0,MAX(Inputs!$B$8,ROUNDUP(Inputs!$B$3*$F19,0))),0) | I19: =IF($F19>0,IF(Inputs!$B$4=0,0,MAX(Inputs!$B$8,ROUNDUP(Inputs!$B$4*$F19,0))),0) | J19: =$H19*$D19 | K19: =$I19*$D19 | L19: =IF($G19>0,IF(Inputs!$B$5=0,0,MAX(Inputs!$B$8,ROUNDUP(Inputs!$B$5*$G19,0))),0) | M19: =$L19*$D19 | P19: =IF(Menu_Setup!H9="","",Menu_Setup!H9)
A20: =Menu_Setup!A10 | B20: =Menu_Setup!B10 | C20: =Menu_Setup!C10 | D20: =Menu_Setup!D10 | E20: =IF(Menu_Setup!E10="","",Menu_Setup!E10) | F20: =Menu_Setup!F10 | G20: =Menu_Setup!G10 | H20: =IF($F20>0,IF(Inputs!$B$3=0,0,MAX(Inputs!$B$8,ROUNDUP(Inputs!$B$3*$F20,0))),0) | I20: =IF($F20>0,IF(Inputs!$B$4=0,0,MAX(Inputs!$B$8,ROUNDUP(Inputs!$B$4*$F20,0))),0) | J20: =$H20*$D20 | K20: =$I20*$D20 | L20: =IF($G20>0,IF(Inputs!$B$5=0,0,MAX(Inputs!$B$8,ROUNDUP(Inputs!$B$5*$G20,0))),0) | M20: =$L20*$D20 | P20: =IF(Menu_Setup!H10="","",Menu_Setup!H10)
A21: =Menu_Setup!A11 | B21: =Menu_Setup!B11 | C21: =Menu_Setup!C11 | D21: =Menu_Setup!D11 | E21: =IF(Menu_Setup!E11="","",Menu_Setup!E11) | F21: =Menu_Setup!F11 | G21: =Menu_Setup!G11 | H21: =IF($F21>0,IF(Inputs!$B$3=0,0,MAX(Inputs!$B$8,ROUNDUP(Inputs!$B$3*$F21,0))),0) | I21: =IF($F21>0,IF(Inputs!$B$4=0,0,MAX(Inputs!$B$8,ROUNDUP(Inputs!$B$4*$F21,0))),0) | J21: =$H21*$D21 | K21: =$I21*$D21 | L21: =IF($G21>0,IF(Inputs!$B$5=0,0,MAX(Inputs!$B$8,ROUNDUP(Inputs!$B$5*$G21,0))),0) | M21: =$L21*$D21 | P21: =IF(Menu_Setup!H11="","",Menu_Setup!H11)
A22: =Menu_Setup!A12 | B22: =Menu_Setup!B12 | C22: =Menu_Setup!C12 | D22: =Menu_Setup!D12 | E22: =IF(Menu_Setup!E12="","",Menu_Setup!E12) | F22: =Menu_Setup!F12 | G22: =Menu_Setup!G12 | H22: =IF($F22>0,IF(Inputs!$B$3=0,0,MAX(Inputs!$B$8,ROUNDUP(Inputs!$B$3*$F22,0))),0) | I22: =IF($F22>0,IF(Inputs!$B$4=0,0,MAX(Inputs!$B$8,ROUNDUP(Inputs!$B$4*$F22,0))),0) | J22: =$H22*$D22 | K22: =$I22*$D22 | L22: =IF($G22>0,IF(Inputs!$B$5=0,0,MAX(Inputs!$B$8,ROUNDUP(Inputs!$B$5*$G22,0))),0) | M22: =$L22*$D22 | P22: =IF(Menu_Setup!H12="","",Menu_Setup!H12)
A23: =Menu_Setup!A13 | B23: =Menu_Setup!B13 | C23: =Menu_Setup!C13 | D23: =Menu_Setup!D13 | E23: =IF(Menu_Setup!E13="","",Menu_Setup!E13) | F23: =Menu_Setup!F13 | G23: =Menu_Setup!G13 | H23: =IF($F23>0,IF(Inputs!$B$3=0,0,MAX(Inputs!$B$8,ROUNDUP(Inputs!$B$3*$F23,0))),0) | I23: =IF($F23>0,IF(Inputs!$B$4=0,0,MAX(Inputs!$B$8,ROUNDUP(Inputs!$B$4*$F23,0))),0) | J23: =$H23*$D23 | K23: =$I23*$D23 | L23: =IF($G23>0,IF(Inputs!$B$5=0,0,MAX(Inputs!$B$8,ROUNDUP(Inputs!$B$5*$G23,0))),0) | M23: =$L23*$D23 | P23: =IF(Menu_Setup!H13="","",Menu_Setup!H13)
A24: =Menu_Setup!A14 | B24: =Menu_Setup!B14 | C24: =Menu_Setup!C14 | D24: =Menu_Setup!D14 | E24: =IF(Menu_Setup!E14="","",Menu_Setup!E14) | F24: =Menu_Setup!F14 | G24: =Menu_Setup!G14 | H24: =IF($F24>0,IF(Inputs!$B$3=0,0,MAX(Inputs!$B$8,ROUNDUP(Inputs!$B$3*$F24,0))),0) | I24: =IF($F24>0,IF(Inputs!$B$4=0,0,MAX(Inputs!$B$8,ROUNDUP(Inputs!$B$4*$F24,0))),0) | J24: =$H24*$D24 | K24: =$I24*$D24 | L24: =IF($G24>0,IF(Inputs!$B$5=0,0,MAX(Inputs!$B$8,ROUNDUP(Inputs!$B$5*$G24,0))),0) | M24: =$L24*$D24 | P24: =IF(Menu_Setup!H14="","",Menu_Setup!H14)
... A33: =Menu_Setup!A23 | B33: =Menu_Setup!B23 | C33: =Menu_Setup!C23 | D33: =Menu_Setup!D23 | E33: =IF(Menu_Setup!E23="","",Menu_Setup!E23) | F33: =Menu_Setup!F23 | G33: =Menu_Setup!G23 | H33: =IF($F33>0,IF(Inputs!$B$3=0,0,MAX(Inputs!$B$8,ROUNDUP(Inputs!$B$3*$F33,0))),0) | I33: =IF($F33>0,IF(Inputs!$B$4=0,0,MAX(Inputs!$B$8,ROUNDUP(Inputs!$B$4*$F33,0))),0) | J33: =$H33*$D33 | K33: =$I33*$D33 | L33: =IF($G33>0,IF(Inputs!$B$5=0,0,MAX(Inputs!$B$8,ROUNDUP(Inputs!$B$5*$G33,0))),0) | M33: =$L33*$D33 | P33: =IF(Menu_Setup!H23="","",Menu_Setup!H23)
A36: Resumen (coctel) | B36: Esc A - D1 (0) | E36: Esc B - D1 (150) | H36: Esc C - D2 (300)
A37: Subtotal | B37: =SUM(J13:J33) | E37: =SUM(K13:K33) | H37: =SUM(M13:M33)
A38: Servicio | B38: =B37*Inputs!$B$9 | E38: =E37*Inputs!$B$9 | H38: =H37*Inputs!$B$9
A39: Total | B39: =B37*(1+Inputs!$B$9) | E39: =E37*(1+Inputs!$B$9) | H39: =H37*(1+Inputs!$B$9)
A40: Costo pp | B40: =IF(Inputs!$B$3=0,"",B39/Inputs!$B$3) | E40: =IF(Inputs!$B$4=0,"",E39/Inputs!$B$4) | H40: =IF(Inputs!$B$5=0,"",H39/Inputs!$B$5)
A41: Transporte (entrega) | B41: =IF(Inputs!$B$3=0,0,Inputs!$B$12) | E41: =IF(Inputs!$B$4=0,0,Inputs!$B$12) | H41: =IF(Inputs!$B$5=0,0,Inputs!$B$12)
A42: Total + transporte | B42: =B39+B41 | E42: =E39+E41 | H42: =H39+H41
A43: Costo pp all-in | B43: =IF(Inputs!$B$3=0,"",B42/Inputs!$B$3) | E43: =IF(Inputs!$B$4=0,"",E42/Inputs!$B$4) | H43: =IF(Inputs!$B$5=0,"",H42/Inputs!$B$5)
A45: Nota | B45: Esc A/B usan el menú Día 1 (8+2 propuesto, editable); Esc C usa el menú Día 2 (6+2 definido). Mínimo 50 por variedad solo aplica si la boca está seleccionada.
